,count,mean,median,std,min,max
sales,7.0,1250.0,1250.0,170.78251276599332,1000.0,1500.0
visitors,8.0,172.5,172.5,17.320508075688775,150.0,200.0
